Subject,Start Date,Start Time,End Date,End Time,All Day Event,Description,Location,Private
TechRaking 5ish: Bootstrapping the news (Sponsored by The Center for Investigative Reporting),2014-02-26,1:00:00 p.m.,2014-02-26,5:00:00 p.m.,False,"Speakers: Agustin Armendariz, Michael Corey, Aaron Williams - Emcees: Agustin Armendariz, Michael Corey, Aaron Williams",Chesapeake,False
CAR Conference Registration (Wednesday),2014-02-26,2:00:00 p.m.,2014-02-26,5:00:00 p.m.,False,Registration will be located on the 1st floor of the Baltimore Marriott Inner Harbor in University Ballroom.,University Ballroom,False
Detecting corporate fraud (Sponsored by Donald W. Reynolds National Center for Business Journalism),2014-02-26,2:00:00 p.m.,2014-02-26,5:00:00 p.m.,False,"Speakers: Roddy Boyd, Theo Francis - The Donald W. Reynolds National Center for Business Journalism will offer a free pre-conference workshop from 2-5 p.m. on Wednesday, Feb. 26. In this free workshop, journalists will learn techniques for digging &ndash; with an eye for fraud &ndash; into U.S. Securities and Exchange Commission filings and other disclosures. Instead of spending weeks scouring aimlessly through hundreds of pages of corporate documents, reporters will gain an understanding of what key financial information is available, where to look in the documents to quickly identify trouble spots and how to recognize when crucial details are missing.",Salon DEF,False
CAR Conference Registration (Thursday),2014-02-27,7:30 a.m.,2014-02-27,5:00:00 p.m.,False,Registration will be located on the 1st floor of the Baltimore Marriott Inner Harbor in University Ballroom.,University Ballroom,False
CAR Conference Sales (Thursday),2014-02-27,7:30 a.m.,2014-02-27,5:00:00 p.m.,False,"Stop by the IRE sales table and take a look at our merchandise. We will be selling books, the large selection of titles we carry will certainly include your interests. The winner of the IRE T-shirt contest will be displayed and on sale.&nbsp;",University Ballroom,False
Welcome and overview of the conference,2014-02-27,8:30 a.m.,2014-02-27,8:50 a.m.,False,"Speakers: Jaimi Dowdell, Mark Horvit, Megan Luther - Welcome to the conference! IRE staff will highlight key sessions and events that you won't want to miss while in Baltimore. We'll also give you a brief rundown on some of the resources IRE has to offer.",Grand Ballroom West,False
Getting started: Controlling CAR conference overload,2014-02-27,9:00:00 a.m.,2014-02-27,9:50 p.m.,False,"Speakers: Megan Luther, Tisha Thompson, Helena Bengtsson - Are you new to data journalism or does this happen to be your first time at a CAR conference? Is it time to up your game but you're not sure how to take the next step? If so, this session will help you get on track to make sure that you get the best experience possible from the 2014 CAR Conference. We'll highlight sessions and give you tips for success during and after the conference.",Grand Ballroom West,False
PyCAR Mini Boot Camp - Team A,2014-02-27,9:00:00 a.m.,2014-02-27,4:50 p.m.,False,"Speakers: Heather Billings, Tom Meagher, Eric Sagara - Introduction to Python",Stadium 5,False
Getting started with open-source database manager MySQL,2014-02-27,9:00:00 a.m.,2014-02-27,9:50 a.m.,False,"Speakers: Liz Lucas, Chase Davis - Plenty of data these days come in large or relational tables that require a good database manager, beyond what Excel and even Access can offer. MySQL is a free, powerful, and popular open-source tool, and with it you can transform and analyze almost any dataset. In this class we will introduce you to MySQL and how it works. Please note that we cannot help you install it here, but there'll be plenty of help for that at the installation party Sunday at 9 a.m.",Stadium 3,False
Rifling through the mapping toolbox,2014-02-27,9:00:00 a.m.,2014-02-27,9:50 a.m.,False,"Speakers: Ryan McNeill, Michael Corey - There are many powerful spatial tools at a journalist's disposal. What's the right tool for the job? We'll use real-world examples of the process of transforming a pile of data into a compelling story and visual presentation using a wide variety of tools: ArcGIS, QGIS, PostGIS, TileMill, GDAL, GeoDjango and probably a few more acronyms for good measure.",Salon DEF,False
Amazon Cloud Basics,2014-02-27,9:00:00 a.m.,2014-02-27,9:50 a.m.,False,"Speakers: Scott Klein - Cloud servers are an amazingly flexible way to use computing resources. Servers and test benches used to take weeks to order and configure, but thanks to the cloud, you can build up arbitrarily complex farms of computers to do your bidding in a few minutes, from serving a dynamic news app to crunching through a data set to trying out a new technology on the cheap. This course will help you understand the thicket of acronyms and programs that make up Amazon's AWS system and will get you started building servers.",Stadium 4,False
Mapping Mini Boot Camp,2014-02-27,9:00:00 a.m.,2014-02-27,4:50 p.m.,False,"Speakers: Jennifer LaFleur, Robby Deming, Brian Peterson, - Learn how to uncover interesting news stories by mapping data with geographic information system (GIS) software during our intensive mini-boot camp and receive a free copy of ArcGIS Desktop*.",Stadium 2,False
This just in: Data for breaking news investigations,2014-02-27,9:00:00 a.m.,2014-02-27,9:50 a.m.,False,"Speakers: Chris Keller, Jaimi Dowdell, Justin Fenton - **Moderated by Jaimi Dowdell, IRE/NICAR",Salon BC,False
Media as data-illuminating the undiscovered country of television news,2014-02-27,9:00:00 a.m.,2014-02-27,9:50 a.m.,False,"Speakers: Roger Macdonald - Learn how the Internet Archive's television news research service repurposes closed captioning to facilitate searching, comparing, contrasting and quoting 500,000+ U.S. television news broadcasts aired in the last 4+ years. Find out how journalists and other researchers are being assisted in exploring this unique TV dataset. The collection has been recently used to analyze the media landscape in the battle for defining the Trayvon Martin story, map the world TV news covers and model responsible stewardship of content created by others.",Chesapeake,False
Tableau Public for beginners (Hosted by Tableau),2014-02-27,9:00:00 a.m.,2014-02-27,12:30 p.m.,False,"Speakers: Jewel Loree, Ben Jones, Ellie Fields, Elaine Chen, Dave Reeck - Learn how to create beautiful, interactive data visualizations on short deadlines. No programming required. You'll learn everything you need to build data visualizations and publish them to your website just like a video. We'll teach you how to: Connect to Excel files and other data, create maps and charts, format them beautifully and make them interactive.",Stadium 1,False
PyCAR Mini Boot Camp - Team B,2014-02-27,9:00:00 a.m.,2014-02-27,4:50 p.m.,False,"Speakers: Ryan Murphy, Kevin Schaul, Chris Keller - Introduction to Python",Salon A,False
NewsCamp::The next generation of data viz,2014-02-27,9:00:00 a.m.,2014-02-27,9:50 a.m.,False,"Speakers: Alberto Cairo - Insight and Enlightenment: The future of news visualization In the past decade, interactive visualization has grown rapidly in news organizations. This presentation will discuss some trends that may define its future. At the same time, it will suggest that, in these times of rapid change, we --data designers and journalists-- need to be reminded of what the core values of the field are.",Grand Ballroom East,False
Getting started with open-source database manager MySQL Part II,2014-02-27,10:00:00 a.m.,2014-02-27,10:50 a.m.,False,"Speakers: Liz Lucas, Chase Davis - After showing you the lay of the land with MySQL in Part 1, we'll take you through creating databases and tables, importing data, and executing queries. We'll demonstrate some of the more powerful tools at your disposal, and show you where to go if you want to learn more.",Stadium 3,False
NewsCamp::Intro to D3,2014-02-27,10:00:00 a.m.,2014-02-27,11:50 a.m.,False,"Speakers: Irene Ros, Arvind Satyanarayan, Alastair Dant - Mesmerize your audience with elegant and intelligent data visualizations using D3. This JavaScript library takes some of the headache and limitations out of visualizations allowing you to bring data to life using HTML, SVG and CSS. We'll start by demystifying D3 with a look through some of the themes that inspired it. From there we'll look at and work through key concepts.",Grand Ballroom East,False
Enhance your stories with statistics,2014-02-27,10:00:00 a.m.,2014-02-27,10:50 a.m.,False,"Speakers: Steven Rich, Rob Barry - We'll do our best to help you avoid blowing up your newsroom with an explosive mix of means, medians and Fisher's exact test. This survey of statistical tools will demo real-life examples of basic statistical techniques, significance testing, linear models, Monte Carlo simulations and more.",Salon DEF,False
Make dirty data shine with OpenRefine,2014-02-27,10:00:00 a.m.,2014-02-27,10:50 a.m.,False,"Speakers: Frederick Kaimann - Got a big data set that's full of dirty data? OpenRefine to the rescue! In a few easy steps, you'll have polished data in no time. And it's free. OpenRefine is more powerful than a spreadsheet, more interactive and visual than scripting, more provisional/exploratory/experimental/playful than a database. A hands-on workshop. No programming required.",Stadium 4,False
Follow the fracking,2014-02-27,10:00:00 a.m.,2014-02-27,10:50 a.m.,False,"Speakers: Mike Soraghan, Tom McGinty - Fracking is re-shaping the nation's economy and changing a lot of communities along the way. Data can help you steer through the competing claims of big oil and the green lobby for compelling local stories. Mike Soraghan will highlight the data sources he has used to dig into the fracking revolution. Tom McGinty will explain how he used geographic data types in SQL Server to find out how many people live close to oil wells in fracking-heavy states.",Salon BC,False
"Use FOIA Machine to prepare, send and track your public records requests",2014-02-27,10:00:00 a.m.,2014-02-27,10:50 a.m.,False,"Speakers: Michael Corey, Coulter Jones, Djordje Padejski, Shane Shifflett, Steven Melendez - FOIA Machine aids journalists and citizens in accessing important government documents around the world that are covered by freedom of information laws. Speakers will demonstrate how journalists can use the platform in regular work and make the FOIA process more successful and organized.",Chesapeake,False
The data-driven story (Part 1) Conceiving and launching,2014-02-27,10:00:00 a.m.,2014-02-27,10:50 a.m.,False,"Speakers: Jennifer LaFleur, David Donald, Brant Houston - **Moderated by Brant Houston, University of Illinois",Grand Ballroom West,False
Torturing Excel into doing stats,2014-02-27,11:00:00 a.m.,2014-02-27,11:50 a.m.,False,"Speakers: Steve Doig - You don't need a fancy pants program to compute several different sorts of statistics. In this session, you'll learn how to compute basic descriptive statistics in Excel. You'll also learn how to run correlations and regressions in Excel.",Stadium 4,False
Maps and charts in R: real newsroom examples,2014-02-27,11:00:00 a.m.,2014-02-27,11:50 a.m.,False,Speakers: Matthew Waite - R is becoming more and more popular in newsrooms for visualizing data and finding trends. Find out why.,Stadium 3,False
The data-driven story (Part 2) Putting the package together,2014-02-27,11:00:00 a.m.,2014-02-27,11:50 a.m.,False,"Speakers: Brant Houston, Maud Beelman,",Grand Ballroom West,False
Dig into business with data investigations,2014-02-27,11:00:00 a.m.,2014-02-27,11:50 a.m.,False,"Speakers: Rob Barry, Philip Mattera - Businesses raise and spend trillions of dollars, build and tear down property, file for patents and copyrights, set up complex partnerships, sue and get sued, and otherwise file reams of documents every year. With all that activity, they leave plenty of marks for journalists to follow. Take your stories beyond the usual sources and learn how to dig through data for business investigations.",Salon BC,False
"Love your life, retire your servers",2014-02-27,11:00:00 a.m.,2014-02-27,11:50 a.m.,False,"Speakers: Andy Boyle, Tasneem Raja - Building news applications is hard. Running dozens of servers&mdash;or even one&mdash;can be even harder. Save your sanity: build everything as a &ldquo;static&rdquo; project instead. We&rsquo;ll show you the pros and cons of getting rid of most of your pesky servers, tell you what you&rsquo;ll need instead, and show you how static apps can make your life easier and even help you work with the rest of your newsroom.",Salon DEF,False
FollowTheMoney: Lead the pack in tracking campaign finance,2014-02-27,11:00:00 a.m.,2014-02-27,11:50 a.m.,False,"Speakers: Edwin Bender, John Perry - Take your political reporting to higher levels with FTM's new and expanded website. Learn insider tips on how to add ingenious features and expanded data to your reporting toolkit.",Chesapeake,False
Tableau Public for pros (Hosted by Tableau),2014-02-27,1:30 p.m.,2014-02-27,5:30 p.m.,False,"Speakers: Mike Klaczynski - Take your data visualization skills to the next level. In this class we'll push Tableau's capabilities further to create more complex visualizations. You'll learn how to: Clean and format dirty data, use multiple data sources in the same visualization, build more advanced visualizations and employ advanced interactive elements.",Stadium 1,False
NewsCamp: The next generation of data viz (Beginner),2014-02-27,2:00:00 p.m.,2014-02-27,4:50 p.m.,False,"Speakers: Arvind Satyanarayan, Christopher Canipe - Beginner Class",Stadium 4,False
NewsCamp: The next generation of data viz (Advanced),2014-02-27,2:00:00 p.m.,2014-02-27,4:50 p.m.,False,"Speakers: Irene Ros, Alastair Dant - Advanced Class",See printed schedule for room information,False
The customized Census: How to use microdata when you just can&#39;t find the right table,2014-02-27,2:00:00 p.m.,2014-02-27,2:50 p.m.,False,"Speakers: Robert Gebeloff, Katie Genadek - So you want to use Census data but you can't find a Census table that has exactly what you want. Or you want to create a time series, and you're not sure if this year's table is comparable with past years. Census microdata, and the folks at IPUMS, are here to help. Learn how this free and useful resource for developing customized tables from the Decennial Census, American Community Survey and the Current Population Survey has produced stories that couldn't be told with published data alone.",Chesapeake,False
Free tools for data analysis,2014-02-27,2:00:00 p.m.,2014-02-27,2:50 p.m.,False,"Speakers: Martin Burch, Matt Wynn - A breathless tour of the universe of free software that&rsquo;s available to help import, summarize, manage, graph and map your data. From statistical analysis in R and Python to geospatial analysis in QGIS, PostGIS, and Spatialite, we&rsquo;ve got the tools for you.",Salon DEF,False
Hacks or Hackers?,2014-02-27,2:00:00 p.m.,2014-02-27,2:50 p.m.,False,"Speakers: Jeremy Singer-Vine, Isaac Wolf, Scott Klein, Tor Ekeland - As more data and services move online, web-scraping, HTTP traffic monitoring, and reverse-engineering have quickly become indispensable tools for investigative journalism. On their face, many of these techniques don't look much different from those employed by less-benevolent ""hackers."" Where should journalists draw the line between clever reporting techniques and unethical, or illegal, tactics? Where has law enforcement drawn the line? Join a panel of lawyer(s) and journalists for a debate on scraping, sniffing, impersonation, honeypots, the Computer Fraud and Abuse Act, and more.",Grand Ballroom East,False
Killers and other criminals: Keeping tabs on crime,2014-02-27,2:00:00 p.m.,2014-02-27,2:50 p.m.,False,"Speakers: Laura Amico, John Bones - This panel will discuss crime reporting and provide take-aways for application on other beats, too. Two cases studies will be featured: Homicide Watch DC and a data-intensive project from VG in Norway.",Salon BC,False
The data-driven story (Part 3): Bulletproofing and presentation,2014-02-27,2:00:00 p.m.,2014-02-27,2:50 p.m.,False,"Speakers: Brant Houston, Matt Stiles",Grand Ballroom West,False
"Make reporting better, together — Collaborative reporting with GitHub",2014-02-27,3:00:00 p.m.,2014-02-27,3:50 p.m.,False,"Speakers: Ben Balter, Jordan McCullough - GitHub is a collaborative development platform used by newsrooms around the world. Whether you find yourself collaborating on code, data, or prose, you'll be able to bring back to your newsroom a firm grasp of conversational GitHub for journalists, how GitHub is being used today, and the potential for version control and collaborative tools like GitHub for rethinking reporting in an age where technology is making it easier to work together than alone.",Chesapeake,False
"Save the data: going from zip (drive) to news by rescuing, analyzing old data",2014-02-27,3:00:00 p.m.,2014-02-27,3:50 p.m.,False,"Speakers: Cheryl Phillips, Gregg Leslie, Jacob Harris - Come help explore the possibilities and cautions in saving, rescuing and reviving old data sets as well as aggregating and standardizing disparate local data to create a bigger impact. Possible hackfest to follow.",Grand Ballroom West,False
When data don&#39;t exist,2014-02-27,3:00:00 p.m.,2014-02-27,3:50 p.m.,False,"Speakers: Sarah Cohen, Meghan Hoyer, Matthew Waite - You've got a great story idea but no one tracks the data. Time to quit, right? Wrong. We'll show you the tools, and the pitfalls, of making your own data when no data exists.",Salon DEF,False
Docs! Docs! Docs!,2014-02-27,3:00:00 p.m.,2014-02-27,3:50 p.m.,False,"Speakers: Ted Han, Shane Shifflett, Jonathan Stray, Mike Tigas, Tyler Dukes - **Moderated by Tyler Dukes, WRAL-Raleigh",Grand Ballroom East,False
Breaking out the heavy artillery - using data to track weapons,2014-02-27,3:00:00 p.m.,2014-02-27,3:50 p.m.,False,"Speakers: David Fallis, Griff Palmer - Learn how to mine disparate sources of data to pierce the federally-imposed secrecy surrounding crime guns. You'll learn how to combine data sets to trace guns from store counter to crime scene, how to tap into a gunfire detection system used by many agencies that logs the latitude and longitude of gunshots, and more. You'll also learn how programming tools can be used to scrape data -- in this case from a gun trading website -- that revealed the way large numbers of guns change hands with no background checks.",Salon BC,False
The Investigative Dashboard – Tools to expose organized crime and corruption around the world.,2014-02-27,4:00:00 p.m.,2014-02-27,4:50 p.m.,False,"Speakers: Margot Williams, Hawley Johnson - Your stories are international - your research should be too. That vital piece of evidence might be in another country, in another language, in a database you have never heard of before. The Investigative Dashboard helps you find it, both with databases and with personal help from skilled researchers. Come demo the Investigative Dashboard, a research tool of the Organized Crime and Corruption Reporting Project developed in collaboration with Google Ideas. &nbsp;",Chesapeake,False
Investigating infrastructure: The National Inventory of Dams,2014-02-27,4:00:00 p.m.,2014-02-27,4:50 p.m.,False,"Speakers: Liz Lucas, Joseph A. Davis - Critical infrastructure keeps high waters and dangerous chemicals at bay, but what happens when the infrastructure fails? We will talk broadly about the importance of investigating infrastructure, including tips for stories and data sources. We'll drill down into the elusive National Inventory of Dams, which the U.S. Army Corps of Engineers stopped releasing shortly after 9/11. The database has more recently become searchable on the USACE website, and NICAR and SEJ have acquired a copy.",Salon BC,False
Harnessing the power of the crowd,2014-02-27,4:00:00 p.m.,2014-02-27,4:50 p.m.,False,"Speakers: Mohammed Haddad, Robert Benincasa - Crowdsourcing doesn't mean seeking consensus from the group. This session will focus on harnessing a crowd's diversity and personal stories, not just the combined megaphone of their voices. You'll learn strategies to create a database with multiple, disparate sources, and to match your database design decisions to your needs for the story. And we'll look at how to present your work on mobile devices, and integrate social media to help drive data acquisition.",Salon DEF,False
How the internet watches you,2014-02-27,4:00:00 p.m.,2014-02-27,4:50 p.m.,False,"Speakers: Nat Meysenburg, Dan Staples - Privacy is not dead. Surveillance is not inevitable. But if we ever want to keep our data from the snoops and thieves, or work to keep sources and contacts safe, we first need to understand how the internet works. In this visual presentation, Technologists from the Open Technology Institute explain the basics of what happens when you send an email or connect to a WiFi hotspot, and how criminals and governments (or criminal governments) can intercept and monitor that data.",Grand Ballroom East,False
Tools for cracking PDFs,2014-02-27,4:00:00 p.m.,2014-02-27,4:50 p.m.,False,"Speakers: Edward Duncan, Jeremy Merrill, Mark Horvit - **Moderated by Mark Horvit, IRE/NICAR",Grand Ballroom West,False
CAR Conference Registration (Friday),2014-02-28,8:00:00 a.m.,2014-02-28,5:00:00 p.m.,False,Registration will be located on the 1st floor of the Baltimore Marriott Inner Harbor in University Ballroom.,University Ballroom,False
CAR Conference Sales (Friday),2014-02-28,8:00:00 a.m.,2014-02-28,5:00:00 p.m.,False,"Stop by the IRE sales table and take a look at our merchandise. We will be selling books, the large selection of titles we carry will certainly include your interests. The winner of the IRE T-shirt contest will be displayed and on sale.&nbsp;",University Ballroom,False
Finding great stories in not-so-great nonprofits,2014-02-28,9:00:00 a.m.,2014-02-28,9:50 a.m.,False,"Speakers: Luke Rosiak, Kendall Taggart - In the session, you'll learn about using detailed nonprofit disclosures to background people and businesses and crack open stories on this massive sector of the economy. Speakers will walk you through how to find stories in citizenaudit.org, a new resource that's made millions of nonprofit tax filings fully text-searchable. They'll show you some useful ways of crunching nonprofit data to identify red flags for fraud. And, they'll share places to find key documents beyond the basic 990. You'll leave with tangible story ideas and tools for using these resources on any beat.",Salon DEF,False
It&#39;s a disaster,2014-02-28,9:00:00 a.m.,2014-02-28,9:50 a.m.,False,"Speakers: Matt Jacob, Alex Richards - Many indispensable data sources can quickly be at your fingertips should disaster ever strike. We'll discuss some of the best examples of this kind of reporting from around the country and what to have on hand in your newsroom to be prepared.",Salon BC,False
The year in CAR in odorama,2014-02-28,9:00:00 a.m.,2014-02-28,9:50 a.m.,False,"Speakers: Jaimi Dowdell, Mark Horvit, Jennifer LaFleur - **Jennifer LaFleur, Odor Master",Grand Ballroom East,False
A tour of the new Census Reporter,2014-02-28,9:00:00 a.m.,2014-02-28,9:50 a.m.,False,"Speakers: Joe Germuska, Sara Schnadt - Census Reporter is a new, free and powerful tool made by journalists to help journalists use census data in their stories. Building on it&rsquo;s predecessor, census.IRE.org, which made Census data more easily available for download, this new project has developed an interface to help a wide range of journalists from shoe-leather types to journo nerds and app developers get the census data they need to give context to their stories, and also dig deeper to explore and analyze census data in new ways. This site tour will introduce the depth and potential use cases for this data set while showing off some of the new tools created to let you learn more about your beat, make meaningful comparisons across topics, populations and geographies, and expose patterns in hyper local, regional and national cultural/social/economic landscapes.",Chesapeake,False
Fusion Tables for beginners,2014-02-28,9:00:00 a.m.,2014-02-28,9:50 a.m.,False,"Speakers: Daniel Lathrop - Welcome to Google Fusion Tables. In this hands-on introduction to the free online tool you'll learn how to import and combine data, do simple analysis and easily turn that into an online map. We'll explore using Fusion Table as a toolbox for reporting and online storytelling.",Stadium 4,False
Intro to JavaScript,2014-02-28,9:00:00 a.m.,2014-02-28,9:50 a.m.,False,Speakers: Jeff Larson - In this beginners class we&rsquo;ll start from the very basics of JavaScript and build from there. We&rsquo;ll walk through a number of simple exercises with the popular library jQuery to explain how the language works.,Stadium 5,False
Holding algorithms accountable,2014-02-28,9:00:00 a.m.,2014-02-28,9:50 a.m.,False,"Speakers: Chase Davis, Nicholas Diakopoulos, Jeremy Singer-Vine, Frank Pasquale - **Moderated by Chase Davis, The New York Times",Grand Ballroom West,False
Getting started with Excel,2014-02-28,9:00:00 a.m.,2014-02-28,9:50 a.m.,False,"Speakers: Helena Bengtsson - In this introduction to spreadsheets you'll begin analyzing data with Excel, a simple but powerful tool. You'll learn how to enter data, sort it and conduct simple calculations like average and median. Time allowing, you'll even learn to create a basic Google map using data from spreadsheets.",Stadium 1,False
Build your first News App (Friday),2014-02-28,9:00:00 a.m.,2014-02-28,11:50 a.m.,False,"Speakers: Chase Davis, Ben Welsh, Derek Willis - This mini-boot camp will walk you through the process of building a simple, useful online news application from a dataset. You will get hands-on experience in every stage of the development process, writing Python, HTML and JavaScript using version control tools. You won't stop until you've deployed a working application onto the World Wide Web. If you have a good attitude and know how to take a few code crashes in stride, you are qualified for this class.",Stadium 3,False
Advanced functions in Excel,2014-02-28,9:00:00 a.m.,2014-02-28,9:50 a.m.,False,"Speakers: Steve Doig - Dirty, disorganized databases getting you down? Electronic records rarely come the way you want them--especially when dealing with government agencies. But Excel has some very powerful, easy-to-use tools to give you back control over how you want your spreadsheet to look. Never spend hours cutting and pasting again, or haggling with a PIO about changing the layout of your data request. In this hands-on class we'll show you some great tricks that will forever change the way you deal with data.",Salon A,False
Statistics: an introduction,2014-02-28,9:00:00 a.m.,2014-02-28,9:50 a.m.,False,"Speakers: Ronald Campbell - Statisticians need to really understand their data (and so do you!) before they begin running analyses. As a result, statistical software packages such as SPSS have many powerful tools to summarize your data. You're going to love them. We'll take a look at the structure of some Home Mortgage data, do data transformations and run crosstabs with Chi Square significance tests to look at racial discrimination in home lending.",Stadium 2,False
Liberate data from PDFs with Tabula,2014-02-28,10:00:00 a.m.,2014-02-28,10:50 a.m.,False,"Speakers: Mike Tigas, Jeremy Merrill - Ever receive a FOIA response that has all the data you want -- but in PDF files? Ever try accessing that data in Excel or database software?",Salon A,False
Free the data: Getting government agencies to give up the goods,2014-02-28,10:00:00 a.m.,2014-02-28,10:50 a.m.,False,"Speakers: Deborah Nelson, Kirsten Mitchell, Michael Ravnitzky, Kate Willson - **Moderated by Deborah Nelson, University of Maryland",Grand Ballroom West,False
Powerful data science tools without an engineering degree,2014-02-28,10:00:00 a.m.,2014-02-28,10:50 a.m.,False,"Speakers: Matthew Granade - Increasingly, data analysts are filling their need for powerful tools by turning to products and services designed for IT professionals. Whether they need access to the cloud to crush large data sets, or flexible version control to manage complicated projects, analysts are forced to waste time struggling with tools that are difficult to setup and configure for anyone who isn't an engineer. That's where Domino comes in: Domino is a platform for data scientists working in R, Python and Matlab who want powerful tools that ""just work"" without any setup. Domino lets you run your analysis in cloud without changing your code; provides automatic version control for your data, code, and results; and facilitates collaboration on your projects. In this talk, Matthew will demo Domino and talk about how other data journalists are using it in their day-to-day work.",Chesapeake,False
Using formulas in Excel,2014-02-28,10:00:00 a.m.,2014-02-28,10:50 a.m.,False,"Speakers: Ryann Grochowski Jones - Much of Excel's power comes in the form of formulas. In this class you'll learn how to use them to analyze data with the eye of a journalist. Yes, math will be involved, but it's totally worth it! This class will show you how calculations like change, percent change, rates and ratios can beef up your reporting.",Stadium 1,False
Introduction to R,2014-02-28,10:00:00 a.m.,2014-02-28,10:50 a.m.,False,"Speakers: Sharon Machlis - Get a taste of R, a programming language specifically designed for data analysis and visualization, at this hands-on session designed for complete R newbies. You'll see one-line commands for creating graphics, statistical summaries and more.",Stadium 5,False
Proper workflows for data projects,2014-02-28,10:00:00 a.m.,2014-02-28,10:50 a.m.,False,"Speakers: Brian Boyer, John Perry, Ben Welsh, Kevin Schaul - **Moderated by Kevin Schaul, Star Tribune",Grand Ballroom East,False
"Wading through the sea of data on hospitals, doctors, medicine and more",2014-02-28,10:00:00 a.m.,2014-02-28,10:50 a.m.,False,"Speakers: Dan Keating, Charles Ornstein, Peter Eisler - While the Obama administration has been pilloried for its lack of transparency, it has released some useful data sets that can help reporters and news organizations cover the quality and finances of their local health professionals and facilities. This session will provide an introduction to what's available, how easy it is to use and what stories you can write based on the data. We'll also preview some of the data that we expect to be released in the next year.",Salon BC,False
Statistics: basic linear regression,2014-02-28,10:00:00 a.m.,2014-02-28,10:50 a.m.,False,Speakers: David Donald - Go beyond counting and sorting. Learn how (and when) to measure relationships.,Stadium 2,False
Complaints: A road map for killer investigations,2014-02-28,10:00:00 a.m.,2014-02-28,10:50 a.m.,False,"Speakers: Tisha Thompson, Jill Riepenhoff - You've got a tip. A gut feeling. You just know it's happening to others. But you need the meat. Delve into the world of consumer complaints and all the glorious goodies they contain. We'll show you the different kinds of complaints that are out there, how to find them and how to use them.",Salon DEF,False
Grab data from the Web with Helium Scraper,2014-02-28,10:00:00 a.m.,2014-02-28,10:50 a.m.,False,"Speakers: Tommy Kaas, Nils Mulvad - After this session you'll have made your first scraper using Helium Scraper, an easy, low-cost, point-and-click tool that&rsquo;ll get you most of the way.",Stadium 4,False
Pivot tables for stories,2014-02-28,11:00:00 a.m.,2014-02-28,11:50 a.m.,False,Speakers: Jonathan Stoneman - A look at the awesome power of pivot - and how to use it to analyze your dataset in minutes rather than hours.,Stadium 1,False
Analyze networks with NodeXL,2014-02-28,11:00:00 a.m.,2014-02-28,11:50 a.m.,False,Speakers: Peter Aldhous - NodeXL is an add-in for Excel 2007 and later that allows you to do network analysis (aka social network analysis) in a familiar spreadsheet environment. You'll learn how to use the software by turning data from 2013 on voting patterns in the US Senate into an informative graphic revealing the chamber's underlying dynamics -- and highlighting the few senators who broke the partisan mold.,Stadium 4,False
More than an editor: Leadership for data-driven projects,2014-02-28,11:00:00 a.m.,2014-02-28,11:50 a.m.,False,"Speakers: Maud Beelman, Matt Stiles, Sharon Walsh, Manny Garcia - **Moderated by Manny Garcia, Naples Daily News",Salon BC,False
Mapping from the desktop to the web,2014-02-28,11:00:00 a.m.,2014-02-28,11:50 a.m.,False,"Speakers: Robby Deming, Brian Peterson, - Join us for a hands-on tutorial on using ArcGIS Online as a free tool to transform your desktop GIS research and other public data into interactive web maps and apps.",Stadium 5,False
Git and GitHub 101 — Create your first pull request today!,2014-02-28,11:00:00 a.m.,2014-02-28,11:50 a.m.,False,"Speakers: Ben Balter, Jordan McCullough - This Git foundations class helps you, as a newcomer to GitHub and Git, fully grasp the concepts and application of distributed version control so that you can effectively begin using this productivity-enhancing suite of tools. We&rsquo;ll explore the foundations of GitHub and Git through practical every-day commands and processes. We&rsquo;ll conclude with workflow ideas and practical tips that will get you on the road to mastery of this revolutionary version control system.",Salon A,False
PoliInformatics research challenge : New methods for computational investigations of the financial crisis,2014-02-28,11:00:00 a.m.,2014-02-28,11:50 a.m.,False,"Speakers: Anne Washington - What innovations in analysis do data journalists want to see from the computational research community? PInet announces the Research Challenge for Data Journalism that is part of our goal of building interdisciplinary collaborations. The PoliInformatics Research Coordination Network (PInet) is funded by NSF to build community and capacity for data-intensive research using open government data. Political informatics seeks to expand the use of diverse methodologies in the study of politics, policy and governance. We encourage submissions from data journalists that lead to the development of tools for systematically analyzing government data to address insightful questions.",Chesapeake,False
Campaign Finance I: Mining FEC data,2014-02-28,11:00:00 a.m.,2014-02-28,11:50 a.m.,False,"Speakers: Aaron Bycoffe, Jack Gillum, Chris Schnaars - PACs and candidates for Congress and the White House must file reports with the Federal Election Commission to show where their money comes from and how they spend it. We'll show you where (and when) to find this data, where the gold nuggets are buried, how to analyze it for stories, precautions to keep you off A2 and third-party tools to aid your deadline reporting. You'll leave with a treasure trove of how-to guides, a dozen or more story ideas and a free puppy.",Salon DEF,False
Cooking with hardware,2014-02-28,11:00:00 a.m.,2014-02-28,11:50 a.m.,False,"Speakers: John Keefe, Liza Stark - Liza and John will demonstrate (and share recipes for) dozens of hardware projects they've built over the last year, from conductive dough and blinky lights to cicada-tracking temperature sensors. Come explore how physical computing might be a part of your next project or feature.",Grand Ballroom West,False
Statistics: logistic regression,2014-02-28,11:00:00 a.m.,2014-02-28,11:50 a.m.,False,"Speakers: Jennifer LaFleur - Linear regression helps you find relationships between two or more variables, but when an outcome has only two possibilities, you need a different tool. That, my friends, is where logistic regression comes in.",Stadium 2,False
"Creating maps: Principles, mistakes and potential",2014-02-28,11:00:00 a.m.,2014-02-28,11:50 a.m.,False,"Speakers: Noah Veltman, Tom MacWright - If you've ever created a map, you know how exotic projections or odd formats can quickly turn the tide against you. In this session Noah Veltman and Tom MacWright will guide you through the tools of the trade, common pitfalls, and the patterns that successful projects follow.",Grand Ballroom East,False
Student brown bag: What do you mean I can’t have that public record?,2014-02-28,12:30 p.m.,2014-02-28,1:30 p.m.,False,"Speakers: Jill Riepenhoff, Tyler Dukes, Adam Goldstein - Grab your lunch before this session starts. Beverages and dessert will be provided.",Salon BC,False
Create your own interactive newsgame in 50 minutes!,2014-02-28,2:00:00 p.m.,2014-02-28,2:50 p.m.,False,"Speakers: Sisi Wei - After a brief introduction of powerful games created using Twine, you'll be using this popular open-source tool to brainstorm and create your own Choose-Your-Own-Adventure newsgame during the workshop. No coding experience necessary, as Twine will do all of the programming work for you, and generate an HTML file that is ready to publish anywhere. Plus, those with HTML/CSS and Javascript experience can also build upon and customize their games.",Stadium 5,False
Social media for investigations,2014-02-28,2:00:00 p.m.,2014-02-28,2:50 p.m.,False,"Speakers: Mandy Jenkins, Robert Hernandez - There are valuable sources buried in that flood of tweets and tucked away in the bowels of LinkedIn - you just need to know how to find them. In this session, we'll go over some tools and tricks to finding sources on social media networks, verifying social content and collecting data via crowdsourcing.",Grand Ballroom West,False
Building charts and graphs that are connected to live data,2014-02-28,2:00:00 p.m.,2014-02-28,2:50 p.m.,False,"Speakers: Timothy Barmann - This demo will show how to create info graphics that automatically update themselves with live data. These charts, graphs and maps automatically reflect the most current data without any intervention beyond the initial setup. Examples include maps of power outages, graphs temperatures over the last 24 hours, graphs of national and local unemployment rate, fuel prices, etc. The session will cover how to get the data into a Google spreadsheet, how to schedule updates, and how to visualize the data with a chart or table that can be embedded on your web site. It will also touch on a more advanced method using PHP/MySQL that doesn't rely on Google.",Chesapeake,False
The customized Census: Using microdata,2014-02-28,2:00:00 p.m.,2014-02-28,2:50 p.m.,False,"Speakers: Katie Genadek, Robert Gebeloff - Working with microdata sounds scary but it's not. In this hands-on workshop, attendees will gain experience using IPUMS census data via the online analysis system, SDA. We will guide users through the process from the research question to data access and analysis. Our goal is to help users improve their reporting on the American population through thoughtful use of IPUMS data.",Salon A,False
Mini Boot Camp,2014-02-28,2:00:00 p.m.,2014-02-28,3:50 p.m.,False,Kickstart your data skills with IRE's original mini-boot camp. This series of hands-on classes will introduce you to spreadsheets and databases with IRE's proven techniques.,See printed schedule for room information,False
Investigating racial inequality,2014-02-28,2:00:00 p.m.,2014-02-28,2:50 p.m.,False,"Speakers: Nikole Hannah-Jones, Lawrence Lanahan, Steve Doig - **Moderated by Steve Doig, Arizona State University",Salon BC,False
Intro To SQLite,2014-02-28,2:00:00 p.m.,2014-02-28,2:50 p.m.,False,"Speakers: Troy Thibodeaux - Are you tired of standing on the sidelines while everyone else has all the fun with database queries? Tired of hoping that Access is doing what you think it's doing when you point and click? Wouldn't you rather just tell your database manager what slice of the data you want? Join us for a hassle free entry to the world of SQL, (Structured Query Language), the lingua franca of relational databases. It's surprisingly simple and surprisingly powerful -- and it works in just about any database you can name.",Stadium 4,False
Protecting your work from prying eyes,2014-02-28,2:00:00 p.m.,2014-02-28,2:50 p.m.,False,"Speakers: Susan McGregor, Jennifer Valentino-DeVries, Josh Meyer, Chris Doten - **Moderated by Josh Meyer, Medill National Security Journalism Initiative",Grand Ballroom East,False
Building maps with leaflet and mapbox.js,2014-02-28,2:00:00 p.m.,2014-02-28,2:50 p.m.,False,"Speakers: Becca Aaronson - Learn to create interactive maps in an hour flat. In this introduction to Mapbox and Leaflet, we'll teach you a simple way to create visually stunning, interactive maps, complete with a legend and hover text. Once you know the basics, you'll be a master mapmaker in no time.",Stadium 3,False
Campaign Finance II: Going beyond the data,2014-02-28,2:00:00 p.m.,2014-02-28,2:50 p.m.,False,"Speakers: Chris Schnaars, Jack Gillum, Fredreka Schouten - So you've downloaded and analyzed a treasure trove of campaign-finance data and gotten a couple quotes from a spokesman or two. It's time to craft your story, right? Well, sure, if you like to see your stuff on the bottom of C8. We'll show you how to marry your smart analysis with shoeleather reporting to provide context and background information on the people and PACs who dig deep into their own pockets to fill campaign war chests. And you get a free kitten!",Salon DEF,False
Grabbing data from websites: tips and tricks,2014-02-28,3:00:00 p.m.,2014-02-28,3:50 p.m.,False,"Speakers: Michelle Minkoff, Scott Klein",Stadium 5,False
How PANDA works: Software architecture for big data,2014-02-28,3:00:00 p.m.,2014-02-28,3:50 p.m.,False,"Speakers: Brian Boyer, Christopher Groskopf - A deep-dive into the front-end and back-end architecture of PANDA Project, the data warehouse for every newsroom. Come learn about how we harnessed MongoDB, Postgres, Solr, Nginx, Django, Tastypie, Backbone and much more in the construction of PANDA. (A MUST if you've ever considered hacking your PANDA or contributing to the open source project!)",Chesapeake,False
Using Excel for statistics,2014-02-28,3:00:00 p.m.,2014-02-28,3:50 p.m.,False,"Speakers: Ryann Grochowski Jones - You don't need a fancy pants program to compute several different sorts of statistics. In this session, you'll learn how to compute basic descriptive statistics in Excel. You'll also learn how to run correlations and regressions in Excel.",Salon A,False
DataViz for everyone: A practical guide to going responsive,2014-02-28,3:00:00 p.m.,2014-02-28,3:50 p.m.,False,"Speakers: Lena Groeger, Chris Amico, Ryan Pitts - Data visualization needs to work everywhere our audience encounters it. Designing for the desktop isn't enough anymore. This session will examine tools, techniques and approaches for making data visualization work across devices, and it will examine how sites and projects have tackled this problem.",Grand Ballroom West,False
Weathering the storm: Using data to track nature&#39;s fury,2014-02-28,3:00:00 p.m.,2014-02-28,3:50 p.m.,False,"Speakers: Stephen Stirling, Ian Livingston - Weather affects everyone. Learn how meteorological and climatological data can help your organization build clout, gain readership and avoid pitfalls all while building beautiful visualizations and top-notch science enterprise in a fast-growing market.",Salon BC,False
SQLite for command line,2014-02-28,3:00:00 p.m.,2014-02-28,3:50 p.m.,False,"Speakers: Matt Kiefer - Is Access choking on that join you wrote? Bit off more rows than your spreadsheet can chew? Perform a data Heimlich maneuver by querying from the command line with SQLite. It's super fast, free software that's easy to get up and running on any computer. We'll start with a few command-line basics, then cover importing/exporting data, simple to intermediate querying, some handy built-in functions and other neat features so you can chow down at the all-you-can-eat data buffet.",Stadium 4,False
100+ tips and tools for news research,2014-02-28,3:00:00 p.m.,2014-02-28,3:50 p.m.,False,"Speakers: Margot Williams, Gary Price - Nicarians will leave with a basket of tips and tools for public records research, online privacy, advanced search techniques, alerting services and personal web caching and archiving.",Grand Ballroom East,False
50 ideas in 50 minutes,2014-02-28,3:00:00 p.m.,2014-02-28,3:50 p.m.,False,"Speakers: Jodi Upton, MaryJo Webster - If you have a few data skills and you're looking for the right ideas to try them out, here are plenty -- whether you need something for tomorrow or you have a few weeks. We've got 50 proven winners for media outlets of all sizes, coming at you fast!",Salon DEF,False
Everyday scripting,2014-02-28,3:00:00 p.m.,2014-02-28,3:50 p.m.,False,"Speakers: Agustin Armendariz - There are everyday data munging tasks that you can automate with just a little bit of programming know-how. This class is geared towards more seasoned data analysts. Those that know how to use things like functions and stored procedures to process data. But beginners are welcome. We'll use python and the Ipython Notebook to roll through some code and I'll have other example scripts posted on Github for reference when you get ready to apply these techniques in your everyday work. So stop by, have some fun and get ready to work more accurately and efficiently.",Stadium 3,False
Lightning talks (Sponsored by John S. and James L. Knight Foundation),2014-02-28,4:15 p.m.,2014-02-28,5:30 p.m.,False,"Speakers: Derek Willis, Chris Barr - **Moderated by Derek Willis, The New York Times",Grand Ballroom East,False
Philip Meyer Award Reception,2014-02-28,5:30 p.m.,2014-02-28,6:45 p.m.,False,Join fellow CAR attendees for the presentation of the Philip Meyer Journalism Awards at a reception Friday night with light hor d' oeuvres and a cash bar beginning at 5:30 p.m. in University Ballroom. &nbsp;,University Ballroom,False
CAR Conference Sales (Saturday),2014-03-01,8:30 a.m.,2014-03-01,5:00:00 p.m.,False,"Stop by the IRE sales table and take a look at our merchandise. We will be selling books, the large selection of titles we carry will certainly include your interests. The winner of the IRE T-shirt contest will be displayed and on sale.&nbsp;",University Ballroom,False
CAR Conference Registration (Saturday),2014-03-01,8:30 a.m.,2014-03-01,5:00:00 p.m.,False,Registration will be located on the 1st floor of the Baltimore Marriott Inner Harbor in University Ballroom.,University Ballroom,False
Getting started with SQL,2014-03-01,9:00:00 a.m.,2014-03-01,9:50 a.m.,False,"Speakers: Fred Vallance-Jones - Learning to manipulate data is a bit like learning a new language. Actually, it is a language, called structured query language. This session is an introduction to using SQL to zero in on your data, by viewing slices and chunks of it, and putting it into a useful order so you can spot the stuff you need to get started toward a story.",Stadium 2,False
Build your first News App (Saturday),2014-03-01,9:00:00 a.m.,2014-03-01,11:50 a.m.,False,"Speakers: Chase Davis, Ben Welsh, Derek Willis - This mini-boot camp will walk you through the process of building a simple, useful online news application from a dataset. You will get hands-on experience in every stage of the development process, writing Python, HTML and JavaScript using version control tools. You won't stop until you've deployed a working application onto the World Wide Web. If you have a good attitude and know how to take a few code crashes in stride, you are qualified for this class.",Stadium 3,False
Threat modeling: Security for your story,2014-03-01,9:00:00 a.m.,2014-03-01,9:50 a.m.,False,"Speakers: Jonathan Stray - There is no one-size fits all security, and no one tool will make you secure. Security threats can come from a variety of different actors, and attacks can be technical, social, physical, or legal. Threat modeling is an integrated approach to security based on an assessment of your specific situation. You will learn the basic questions you need to answer to determine your security needs, how security threats vary depending on what you&rsquo;re working on and where you&rsquo;re working on it, and how to design a security plan including determining which tools and services you should use.",Grand Ballroom East,False
Danger! Hazardous materials: Using data to uncover pollution,2014-03-01,9:00:00 a.m.,2014-03-01,9:50 a.m.,False,"Speakers: Denise Malan, Ben Poston, Tim Wheeler - Learn some of the best state and national databases to track pollution and hazardous wastes. The panel will cover a variety of environmental hazards, from oil refineries and toxic waste to chicken farms and sewage spills.",Salon BC,False
Introduction to mapping: Importing and displaying data geographically with QGIS,2014-03-01,9:00:00 a.m.,2014-03-01,9:50 a.m.,False,"Speakers: Peter Aldhous - QGIS is the leading free, open source Geographic Information System (GIS) program. You'll learn how to use QGIS to make a simple thematic map, with areas colored according to data, plus a map of points, how to set their map projections, and how to export them as a vector graphic.",Stadium 1,False
Incorporating data into your beat,2014-03-01,9:00:00 a.m.,2014-03-01,9:50 a.m.,False,"Speakers: Tom McGinty, Jennifer Smith Richards - Data isn't just for big projects or a designated analyst. Learn how to think about finding and using data on any beat and strategies for juggling that work with the demands of daily coverage. We'll talk about the kind of data every beat reporter should have on hand and show some examples of how beat reporters have made use of them.",Salon DEF,False
How to feel like you&#39;re hacking without really doing it,2014-03-01,9:00:00 a.m.,2014-03-01,9:50 a.m.,False,"Speakers: Samantha Sunne - We're going to hijack some tools for web developers (Firebug, JavaScript console, etc.) and use them for journalism. Trace the origin of a photograph, download a video, scrape a table, uncover personal information and more, all within a couple of minutes and without having to learn any code first.",Stadium 4,False
"My friend FRED: A free tool for searching and graphing business, economic and government data",2014-03-01,9:00:00 a.m.,2014-03-01,9:50 a.m.,False,"Speakers: Keith Taylor - Get hands-on training on FRED, a free data toolkit for journalists. You'll learn how to quickly find and download any of 156,000 series of local, U.S. and international data from 61 sources, and then easily place that data into interactive graphs for print or web use.",Salon A,False
The art and craft of finding people,2014-03-01,9:00:00 a.m.,2014-03-01,9:50 a.m.,False,"Speakers: Julie Tate, Rick Yarborough - Locating those important characters to bring your story to life can sometimes be difficult. From public records to online searches, we'll take you step by step through the process of tracking down people, including which sites are worth shelling out money on.",Grand Ballroom West,False
Ruby 1: Introduction,2014-03-01,9:00:00 a.m.,2014-03-01,9:50 a.m.,False,"Speakers: Al Shaw - Learn the basics of programming through the Ruby language. In this class, we'll start with the fundamentals of the language and work our way through objects and simple scripts to access data APIs.",Stadium 5,False
Political framing: Computational analysis of rhetoric in large text datasets,2014-03-01,9:00:00 a.m.,2014-03-01,9:50 a.m.,False,"Speakers: Al Johri, Dhrumil Mehta - This session will introduce Political framing, a project aimed at allowing you to more meaningfully analyze large natural language datasets using computational methods. In our project, we analyze the congressional record to computationally understand how politicians frame their rhetoric around particular issues by using machine learning to recognize patterns in their speech and observe how these patterns change over time. We envision expanding these methods to any large text dataset and are excited to have a discussion about all of the possibilities that this and other new kinds of text analysis algorithms can unlock for journalism.",Chesapeake,False
docHive: Pulling structured data from scanned PDFs,2014-03-01,10:00:00 a.m.,2014-03-01,10:50 a.m.,False,"Speakers: Charles Duncan, Edward Duncan - In this hands-on class you learn how to use docHive to extract data from PDF files.",Salon A,False
Counting and summing with SQL,2014-03-01,10:00:00 a.m.,2014-03-01,10:50 a.m.,False,"Speakers: Andrea Fuller - If you know how to write a basic SELECT statement in SQL through Microsoft Access but are looking to make calculations, then this is the session for you. Learn to count how many times certain records appear in a database and sum totals across records. These skills can come in handy whether you're covering campaign finance or boating licenses.",Stadium 2,False
An app for that: Mobile tech and tools for reporting,2014-03-01,10:00:00 a.m.,2014-03-01,10:50 a.m.,False,"Speakers: David Ho - The mobile revolution is upon us, but how can the technology help you as a journalist? Bring your toolbox into the age of smart phones and tablets with this session on apps for gathering and producing news. Record an interview? Transcribe a speech? Archive Tweets? Track an airplane? There's an app for that. Plus learn other mobile tips, tricks and tools to supercharge your reporting.",Grand Ballroom West,False
Building a data journalism course,2014-03-01,10:00:00 a.m.,2014-03-01,10:50 a.m.,False,"Speakers: Amanda Hickman, Fred Vallance-Jones, Ira Chinoy, Cheryl Phillips - **Moderated by Fred Vallance-Jones, University of King's College",Salon BC,False
A quick trip through data in the sciences,2014-03-01,10:00:00 a.m.,2014-03-01,10:50 a.m.,False,"Speakers: Carolyn Lauzon, Kathleen Ratcliff, Cynthia Hsu, Beth Duckles, Sarah Cohen - **Moderated by Sarah Cohen, The New York Times",Grand Ballroom East,False
Ruby 2: Acquiring and transforming data,2014-03-01,10:00:00 a.m.,2014-03-01,10:50 a.m.,False,"Speakers: Jeff Larson - In this intermediate class, we&rsquo;ll cover how to grab public data from the internet and transform it into clean data ready to use in the newsroom. Along the way, we&rsquo;ll cover topics such as parallel processing and metaprogramming.",Stadium 5,False
Mapping 2: Manipulating and editing geographic data with QGIS,2014-03-01,10:00:00 a.m.,2014-03-01,10:50 a.m.,False,"Speakers: Peter Aldhous - QGIS is a powerful tool for processing data for use by other mapping applications, including for web mapping. In this class you'll learn how to join tables of data to existing shapefiles, simplify geographic features so that online maps will render quickly, and how to save data in formats commonly used for web mapping. You'll also learn how to edit geographic data, and how to process data consisting of hundreds or thousands of points to give a more meaningful summary display.",Stadium 1,False
DocumentCloud,2014-03-01,10:00:00 a.m.,2014-03-01,10:50 a.m.,False,"Speakers: Ted Han, Mark Horvit - Want a free online tool that will allow you to analyze documents, make notes in them, share them with other journalists and the publish them for your audience? Learn how DocumentCloud can help you at this introductory sessions.",Stadium 4,False
Journalists - Staying safe in a digital world,2014-03-01,10:00:00 a.m.,2014-03-01,10:50 a.m.,False,"Speakers: Kelley Misata - Governments, criminal networks, and private companies are using technology to track journalists and their sources. This session will cover what communication networks and third party services know about you, how to protect your communications from various adversaries, and how to safely store data.",Chesapeake,False
How to uncover inequity and swindlers in subsidized housing programs near you,2014-03-01,10:00:00 a.m.,2014-03-01,10:50 a.m.,False,"Speakers: Angela Caputo, Tim Henderson - Public housing authorities are turning more and more to private landlords to house poor families. In return, these building owners collect billions in federal subsidies each year. We&rsquo;ll talk about how to match up payment, inspection and municipal data to investigate the state of this &ldquo;new&rdquo; public housing.",Salon DEF,False
It&#39;s not just for looks: Presentation as a storytelling tool,2014-03-01,11:00:00 a.m.,2014-03-01,11:50 a.m.,False,"Speakers: Alyson Hurt, Helene Sears, Chrys Wu, Aron Pilhofer - **Moderated by Chrys Wu, The New York Times",Grand Ballroom East,False
PostGIS &amp; CartoDB,2014-03-01,11:00:00 a.m.,2014-03-01,11:50 a.m.,False,"Speakers: Andrew Hill, Michael Keller - The first part of this session is good for reporters looking to learn how to turn raw data into customizable interactive maps.",Stadium 4,False
A picture of Earth through time: Storytelling with Google Earth Engine,2014-03-01,11:00:00 a.m.,2014-03-01,11:50 a.m.,False,"Speakers: Randy Sargent, Vanessa Schneider - Covering science stories, love building maps, or just want to see something really cool? Working with the USGS and NASA, Google released more than a quarter-century of images of Earth taken from space, compiled into an interactive timelapse map. News outlets around the world have been using this stunning imagery to localize stories about urban growth, deforestation and more. Here's a rundown of the session, for both developers and non-developers: First, we'll walk you through how we built our timelapse map, then demo how to easily embed it on your website. Next, we'll show you how to create custom tours with the imagery using a special editing tool we built for storytellers. Finally, we'll demo Earth Engine, Google's geo data analysis platform, the core technology used to compile the timelapse imagery. Developers in the room will have the opportunity to sign up to be Trusted Testers for Earth Engine's advanced geo data analysis tools.",Chesapeake,False
People and patterns: The network behind the story,2014-03-01,11:00:00 a.m.,2014-03-01,11:50 a.m.,False,Speakers: Valdis Krebs - Valdis will discuss various network analysis methods and insights that will help journalists extract relationships in complex human stories -- especially investigations where information is hidden or disguised. He will share how he mapped the 9-11 hijacker network and uses online data to find hidden relationships and networks that provide non-obvious insights.,Salon DEF,False
Go! Go! In the hot seat with breaking news,2014-03-01,11:00:00 a.m.,2014-03-01,11:50 a.m.,False,"Speakers: Jaimi Dowdell, Megan Luther - What do you do when a bridge collapses, a plane crashes, oil spills or a building explodes? In this session you'll walk through a real-life breaking news scenario tackling it as an investigator. We&rsquo;ll let you try it on your own then we&rsquo;ll walk you through some resources you might not have known existed. Beat your competition with these tips and sources.",Salon A,False
Excel magic: Advanced functions in Excel,2014-03-01,11:00:00 a.m.,2014-03-01,11:50 a.m.,False,"Speakers: MaryJo Webster - String functions, IF statements and other powerful tools for cleaning, rearranging and analyzing data that you'll wish you had learned earlier.",Stadium 1,False
Joining tables with SQL,2014-03-01,11:00:00 a.m.,2014-03-01,11:50 a.m.,False,"Speakers: Pamela Dempsey - Learn how to join tables, matching information from one file to another, using SQL in Microsoft Access.",Stadium 2,False
Examining prescribing patterns (Phil Meyer Award winner),2014-03-01,11:00:00 a.m.,2014-03-01,11:50 a.m.,False,"Speakers: Jennifer LaFleur, Charles Ornstein - This year promises two new, exciting opportunities for data journalists to report on doctors, the drugs they prescribe and their relationship with pharmaceutical companies. Medicare for the first time has started releasing data on the drugs prescribed by individual health care providers in its drug program, which pays for one in every four prescriptions in the country. And later this year, the government will release data on all payments by drug and device companies to doctors around the country. Exploring these two data sets separately, and together, present some incredible reporting opportunities.",Salon BC,False
Ruby 3: Simple web apps with Ruby,2014-03-01,11:00:00 a.m.,2014-03-01,11:50 a.m.,False,"Speakers: Jacqui Maher - This class includes an overview the two most popular frameworks for creating web applications with ruby: Ruby on Rails and Sinatra. After you've learned enough ruby to work with a set (or sets) of data and clean it up, how do you turn it into something your readers can interact with? We'll focus on using the simple Sinatra framework to build on what you've learned in ruby 1 &amp; 2.",Stadium 5,False
The fine art of negotiating for data,2014-03-01,11:00:00 a.m.,2014-03-01,11:50 a.m.,False,"Speakers: Ellen Gabler, Joanna Lin, Andrew Lehren - **Moderated by Ellen Gabler, Milwaukee Journal Sentinel",Grand Ballroom West,False
NewsCamp::Demystifying D3,2014-03-01,2:00:00 p.m.,2014-03-01,2:50 p.m.,False,"Speakers: Alastair Dant, Irene Ros, - Mesmerize your audience with elegant and intelligent data visualizations using D3. This JavaScript library takes some of the headache and limitations out of visualizations allowing you to bring data to life using HTML, SVG and CSS. We'll start by demystifying D3 with a look through some of the themes that inspired it. From there we'll look at and work through key concepts.",Grand Ballroom East,False
Regular expressions,2014-03-01,2:00:00 p.m.,2014-03-01,2:50 p.m.,False,"Speakers: Amanda Hickman - If you want to supercharge your data cleaning, come learn Regular Expressions. Regex comes pre-packaged in most text editors and is a valuable tool in manipulating data.",Salon A,False
OpenElections year-in-review,2014-03-01,2:00:00 p.m.,2014-03-01,2:50 p.m.,False,"Speakers: Sara Schnadt, Serdar Tumgoren, Derek Willis - The core team from the OpenElections Project will show their progress on the Knight-funded effort to gather and standardize election data from across the country. Learn what data is already available, how you can contribute, and share ideas on how the project can best help journalists prepare for the 2014 mid-term elections.",Chesapeake,False
Mini Boot Camp - Saturday,2014-03-01,2:00:00 p.m.,2014-03-01,4:50 p.m.,False,Kickstart your data skills with IRE's original mini-boot camp. This series of hands-on classes will introduce you to spreadsheets and databases with IRE's proven techniques.,See printed schedule for room information,False
Inside the global offshore money maze,2014-03-01,2:00:00 p.m.,2014-03-01,2:50 p.m.,False,"Speakers: David Donald, Mar Cabra, Margot Williams, Sebastian Mondial - The International Consortium of Investigative Journalists ""Secrecy For Sale: Inside The Global Offshore Money Maze"" is one of the largest and most complex cross-border investigative projects in journalism history. More than 110 journalists in about 60 countries analyzed a 260 GB leaked hard drive to expose the systematic use of tax havens. Learn how this multinational team mined 2.5 million files and cracked open the impenetrable offshore world by creating a web app that revealed the ownership behind more than 100,000 anonymous ""shell companies"" in 10 offshore jurisdictions.",Grand Ballroom West,False
Advanced GitHubbing and Git Internals,2014-03-01,2:00:00 p.m.,2014-03-01,2:50 p.m.,False,"Speakers: Ben Balter, Jordan McCullough - Many Git workshops successfully focus on the basics for those new to DVCS. However, with Git having a full 5 years on the street now, there is a growing desire to address the maturing users of this innovative DVCS. This workshop will take existing Git users and bring them to a heightened level of productivity by leveraging Git&rsquo;s powerful, yet underused &ldquo;advanced&rdquo; features.",Stadium 5,False
Unlocking secrets of Excel to cover economics and business,2014-03-01,2:00:00 p.m.,2014-03-01,2:50 p.m.,False,"Speakers: Aaron Kessler - Whether you just started using Excel or it's been your companion for years, chances are there's a lot it can do you've never realized. We sometimes think of Excel as the stepping stone to database managers like Access or SQL Server, and overlook just how powerful its tools can be. Especially if you're covering business and economics, come find out why Excel is still so popular in the business world and we'll unlock some of its secrets. The people you're covering know these tricks - you should too.",Stadium 4,False
Getting started with Python,2014-03-01,2:00:00 p.m.,2014-03-01,2:50 p.m.,False,"Speakers: Anthony DeBarros - New to Python (or programming in general)? We'll get you started with an overview of the basics, plus plenty of code examples you can put to use right away.",Stadium 3,False
&quot;Mind the Gap&quot; --- Holes in your data can lead you to stories,2014-03-01,2:00:00 p.m.,2014-03-01,2:50 p.m.,False,"Speakers: Thomas Hargrove, Jennifer LaFleur - Missing data doesn't mean you can't do the story -- it might be the basis for your story. From unreported arsons to unidentified bodies, panelists will discuss story examples and techniques for finding holes and anomalies that may lead you to great stories.",Salon DEF,False
Inspecting the inspectors: Using inspection data to drive your stories,2014-03-01,2:00:00 p.m.,2014-03-01,2:50 p.m.,False,"Speakers: Michael Pell, Joce Sterman - Inspecting the inspectors: Using inspection data to drive your stories From nuclear power plants to day care facilities, digging into inspection data can lead you to powerful stories. We&rsquo;ll show you how to use inspections to cover breaking news, develop short term investigative stories and long-term projects for multiple platforms.",Salon BC,False
Data deep dives (part 1),2014-03-01,3:00:00 p.m.,2014-03-01,3:50 p.m.,False,"Speakers: Ellen Gabler, John Maines, Paul Overberg, Mark Horvit - **Moderated by Mark Horvit, IRE/NICAR",Salon DEF,False
You won&#39;t believe what static site generators can do for news apps,2014-03-01,3:00:00 p.m.,2014-03-01,3:50 p.m.,False,"Speakers: Jeremy Bowers, David Eads, Tyler Fisher - This session will cover two static site generators that have been developed particularly for news: the Chicago Tribune's Tarbell and NPR Visuals' app template. We'll go over how to bootstrap a project on each and the benefits that each generator provides.",Chesapeake,False
CAR wash: Clean that dirty data,2014-03-01,3:00:00 p.m.,2014-03-01,3:50 p.m.,False,"Speakers: Alex Richards - Dirty data lurk everywhere: in text files, spreadsheets, databases, and PDFs. We'll walk you through some examples of the most common types of dirty data, point out telltale signs of data illness and explain how you can whip data into shape using some simple tools and methods.",Salon A,False
Python: Beyond the basics I,2014-03-01,3:00:00 p.m.,2014-03-01,3:50 p.m.,False,"Speakers: Serdar Tumgoren, Jeremy Bowers - Are you comfortable with basic data wrangling in Python, but struggling to craft larger programs? This back-to-back session will demonstrate how you can use more advanced features of the Python language -- such as modules, packages and classes -- to tame code complexity and write larger programs with confidence. A solid grasp of Python basics is required, and we recommend bringing your own laptop with your preferred coding environment already installed.",Stadium 3,False
Beyond the basics: Advanced SQL for analysis,2014-03-01,3:00:00 p.m.,2014-03-01,3:50 p.m.,False,"Speakers: James Gordon, Liz Lucas - If you feel comfortable with the Structured Query Language basics that IRE teaches in its boot camps -- SELECT, FROM, WHERE, GROUP BY -- but are ready to see what else SQL can do, this session is for you. We will cover more advanced ways of manipulating and questioning data, such as UPDATE queries, different types of joins, writing sub-queries, merging results from two queries, and other neat tricks. Some of this SQL is too advanced for Microsoft Access, so we will use MySQL in the class.",Stadium 4,False
Open data: Practical tips and current issues,2014-03-01,3:00:00 p.m.,2014-03-01,3:50 p.m.,False,"Speakers: Denise Malan, Waldo Jaquith, Julia Keseru - Hear about the latest open data efforts in the United States and internationally, and participate in a discussion about the biggest obstacles, needs and potential solutions toward making more data open and available for all.",Grand Ballroom West,False
Crossing the language boundaries across your newsroom: journo to dev and back,2014-03-01,3:00:00 p.m.,2014-03-01,3:50 p.m.,False,"Speakers: Sarah Cohen, Noah Veltman, Erika Owens - Join us for a roundtable discussion on how reporters and developers can work together effectively. We'll talk about things like how reporters and developers can think more like each other, how interactive projects come together (or fall apart), and strategies for reporters trying to learn to code.",Grand Ballroom East,False
Getting data into Excel,2014-03-01,3:00:00 p.m.,2014-03-01,3:50 p.m.,False,"Speakers: Jeffrey Kelly Lowenstein - Don't let hard-to-use data ruin your day. Learn how to import a variety of formats (such as text files, HTML tables, PDFs) into Excel.",Stadium 5,False
It&#39;s not on the exam: Exploring data beyond standardized tests on the education beat,2014-03-01,3:00:00 p.m.,2014-03-01,3:50 p.m.,False,"Speakers: Coulter Jones, Meredith Broussard - A lot happens in and around schools that isn't on those bubble tests. From buildings and books to food and everything else in between, schools are teeming with underutilized data. We'll look at different sources for stories and new ways to dive in to data on education beat.",Salon BC,False
Cross-platform collaboration for data projects,2014-03-01,4:00:00 p.m.,2014-03-01,4:50 p.m.,False,"Speakers: Lorie Hearn, Josh Kleinbaum, John Walton, Pamela Dempsey - **Moderated by Pam Dempsey, Midwest Center for Investigative Reporting",Salon BC,False
Digging online for global data,2014-03-01,4:00:00 p.m.,2014-03-01,4:50 p.m.,False,"Speakers: Ricardo Brom, Jeffrey Kelly Lowenstein, Jonathan Stoneman - Looking for data in another country and not sure where to start? This session's for you! We will look at ways of getting to know where the stuff you want is hidden, often in plain sight. And we will have a case study of an investigation from Argentina.",Grand Ballroom East,False
Lyra: Custom visualization design without programming,2014-03-01,4:00:00 p.m.,2014-03-01,4:50 p.m.,False,"Speakers: Arvind Satyanarayan - Lyra is an interactive environment that enables custom visualization design without writing any code. Visualizations are built by composing graphical ""marks"" such as rectangles, arcs, lines, and text. These marks can be bound to data fields using property drop zones; dynamically positioned using connectors; and directly moved, rotated, and resized using handles. Lyra also provides a data pipeline interface for iterative visual specification of data transformations and layout algorithms. Lyra is more expressive than interactive systems like Tableau, allowing designers to create custom visualizations comparable to hand-coded visualizations created using D3 or Processing. These visualizations can then be easily published and reused on the Web.",Stadium 5,False
Data deep dives (part 2),2014-03-01,4:00:00 p.m.,2014-03-01,4:50 p.m.,False,"Speakers: Ryan McNeill, Ted Mellnik, Jodi Upton, Jaeah Lee - **Moderated by Jodi Upton, USA TODAY",Salon DEF,False
The latest from Sunlight,2014-03-01,4:00:00 p.m.,2014-03-01,4:50 p.m.,False,"Speakers: Bill Allison - Developers and journalists from the Sunlight Foundation offer an in-depth look at tools like Scout, which allows users to track subjects across an array of federal legislative and regulatory information; Ad Hawk, a Shazam-like app for political ads; and RealTimeFEC, which parses campaign finance data on the fly. Learn how they were built and how to use them.",Chesapeake,False
Python: Beyond the basics II,2014-03-01,4:00:00 p.m.,2014-03-01,4:50 p.m.,False,"Speakers: Jeremy Bowers, Serdar Tumgoren - **Please note: This is a continuation of Python: Beyond the basics I.",Stadium 3,False
Make dirty data shine with OpenRefine (repeat),2014-03-01,4:00:00 p.m.,2014-03-01,4:50 p.m.,False,"Speakers: Roberto Rocha - Got a big data set that's full of dirty data? OpenRefine to the rescue! In a few easy steps, you'll have polished data in no time. And it's free. OpenRefine is more powerful than a spreadsheet, more interactive and visual than scripting, more provisional/exploratory/experimental/playful than a database. A hands-on workshop. No programming required.",Salon A,False
When to scrape: Tools and techniques,2014-03-01,4:00:00 p.m.,2014-03-01,4:50 p.m.,False,"Speakers: Nils Mulvad, Janet Roberts - Scraping data: Freeing the data you find on the web and making it work for you, your way. We'll talk about when you should scrape data from the web, different ways to do it and how scraping can help you repackage, analyze and offer up data automatically and in compelling ways.",Grand Ballroom West,False
Even more with R,2014-03-01,4:00:00 p.m.,2014-03-01,4:50 p.m.,False,"Speakers: Bill Alpert - We'll subject my story's data set to cruel and unusual statistical analyses to test the hypothesis that an Elon Musk-backed solar company over-indulged on government subsidies. We'll use R for different regression models, bootstraps and Bayesian analyses, as time permits.",Stadium 4,False
Static vs. Dynamic: It&#39;s time for the super-friendly cage match you&#39;ve been waiting for!,2014-03-01,5:30 p.m.,2014-03-01,6:30 p.m.,False,Jeff Larson and Scott Klein of ProPublica believe that defaulting to static architecture limits the scope of news applications and decreases the quality of their journalism. Jeremy Bowers and Chris Groskopf of NPR respectfully disagree. Join us for an audience-friendly debate that finally gets to the heart of this contentious issue.,Lobby bar,False
CAR Conference Sales (Sunday),2014-03-02,8:30 a.m.,2014-03-02,10:30 a.m.,False,"Stop by the IRE sales table and take a look at our merchandise. We will be selling books, the large selection of titles we carry will certainly include your interests. The winner of the IRE T-shirt contest will be displayed and on sale.&nbsp;",University Ballroom,False
Census I: Must-have data for every beat,2014-03-02,9:00:00 a.m.,2014-03-02,9:50 a.m.,False,"Speakers: Paul Overberg, Ronald Campbell, Mike Maciag - Census data spawns its own stories, but it's also the denominator on every beat. Learn the annual schedule and what kind of stories -- breaking and enterprise -- you can do with each release. Hear a reporter explain his own stories. We'll also do '20 in 20':Use 20 minutes to review at least 20 stories done by local journalists like you.",Grand Ballroom West,False
Advanced searching techniques,2014-03-02,9:00:00 a.m.,2014-03-02,9:50 a.m.,False,"Speakers: Acton Gorton - Learn to apply a systematic approach to finding specific information using the Google and Lexis-Nexis. The workshop will include an overview of key concepts and a walk-through of an audience volunteered search. The overview will cover basics of word stemming, word truncation, word proximity, wildcards, controlled vocabularies and free-text methodologies. The walk-through will demonstrate Google's ""Fuzzy"" search options, in addition to using Lexis-Nexis for newspaper and document retrieval.",Salon DEF,False
How to deal with millions of documents without losing your mind (and time),2014-03-02,9:00:00 a.m.,2014-03-02,9:50 a.m.,False,"Speakers: Sebastian Mondial - Let's steal the best practices from computer forensics and apply them to do better data journalism: Learn how to deal with thousands to millions of documents without loosing your mind (or the data) in them. Find out how to spot odd information, hidden file-types and other artifacts. Get an overview about the software and hardware you need for different tasks.",Chesapeake,False
Installation party,2014-03-02,9:00:00 a.m.,2014-03-02,10:50 a.m.,False,"Many conference sessions cover tools and applications that are open source and available to journalists for free. During this extended session we invite you to bring your laptop and we'll help you get set up with the tools you've heard about and are itching to try out. We will rely on volunteers to help out, so what you're able to &nbsp;install and how long it takes will depend on demand. Remember also that you must have administrative privileges on your machine; if you're blocked from these privileges, we won't be able to override that.",Salon A,False
Mini Boot Camp - Sunday,2014-03-02,9:00:00 a.m.,2014-03-02,11:50 a.m.,False,Kickstart your data skills with IRE's original mini-boot camp. This series of hands-on classes will introduce you to spreadsheets and databases with IRE's proven techniques.,See printed schedule for room information,False
Tools for Social Network Analysis investigations,2014-03-02,9:00:00 a.m.,2014-03-02,11:50 a.m.,False,"Speakers: Miranda Mulligan, Rich Gordon - Join the team from Northwestern U. Knight Lab for a practical, participatory session that will help you incorporate design thinking methodologies into building tools for social network analysis investigations. Plus, help design and develop ideas for new tools while learning more about the Lab's Untangled project. This workshop is designed for beginners and will introduce some intermediate terminology. All welcome: writers, researchers, editors, designers, developers, educators, etc.",Salon BC,False
Intro to Fusion Tables,2014-03-02,9:00:00 a.m.,2014-03-02,9:50 a.m.,False,"Speakers: Tim Henderson - Welcome to Google Fusion Tables. In this hands-on introduction to the free online tool you'll learn how to import and combine data, do simple analysis and easily turn that into an online map. We'll explore using Fusion Table as a toolbox for reporting and online storytelling.",Stadium 4,False
Where do you want to go: Career roundtable,2014-03-02,9:00:00 a.m.,2014-03-02,9:50 a.m.,False,"Speakers: Anthony DeBarros, Ellen Gabler, Sisi Wei, Megan Luther, Lea Thompson - **Moderated by Ellen Gabler, Milwaukee Journal Sentinel",Grand Ballroom East,False
Data cleaning in Excel,2014-03-02,10:00:00 a.m.,2014-03-02,10:50 a.m.,False,"Speakers: Liz Lucas - How often do we get tidy data that's ready for analysis? Pretty much never. Thankfully we've got time-honored strategies and Excel formulas to help clean that data up. We';ll cover things like IF statements, string functions and, most importantly, the ""data-cleaning state of mind.""",Stadium 4,False
Build your bot army,2014-03-02,10:00:00 a.m.,2014-03-02,10:50 a.m.,False,"Speakers: Joe Kokenge, Abraham Epton, Brian Abelson - What is a Twitterbot? How and why you should build one for your newsroom...or just for fun!",Salon DEF,False
Census II: Going beyond the basics,2014-03-02,10:00:00 a.m.,2014-03-02,10:50 a.m.,False,"Speakers: Paul Overberg, Ronald Campbell - Be prepared to say &ldquo;I didn&rsquo;t know you could do that&rdquo; as we explore more advanced census data and tools. Learn how microdata is the secret sauce that lets you create a custom recipe of census data. Tour the growing ecosystem of tools and data around the American Community Survey. And learn how to do some new tricks, like how to count adult children living with their parents in your town.",Grand Ballroom West,False
OpenElections hackathon,2014-03-02,10:00:00 a.m.,2014-03-02,6:00:00 p.m.,False,"The OpenElections team is organizing a hackathon. We&rsquo;re looking for coders as well as anyone interested in helping out, and spending the day with our team. Here&rsquo;s how you can be involved:",Chesapeake,False
"Web tools, tips and tricks for investigations",2014-03-02,10:00:00 a.m.,2014-03-02,10:50 a.m.,False,"Speakers: Jaimi Dowdell, Mark Horvit - The web is teeming with useful tools and applications to help you do your job faster and better. In this session we'll show you how to harness this power to boost your journalism and set you apart from the pack.",Grand Ballroom East,False
What&#39;s the deal with data science?,2014-03-02,11:00:00 a.m.,2014-03-02,11:50 a.m.,False,"Speakers: Chase Davis, Mark Hansen - Data science is a term that escapes easy definition. Its part data cleaning and analysis, not unlike computer-assisted reporting. But depending who you ask, it can also include statistics, data visualization, machine learning, natural language processing and other skills you don't typically find in the newsroom. This panel will talk about how stealing a page from data science can help solve new and interesting problems in journalism.",Grand Ballroom East,False
Census III: Mapping and presentation,2014-03-02,11:00:00 a.m.,2014-03-02,11:50 a.m.,False,"Speakers: John Keefe, Chris Amico - Learn how to find the Census data you need and then visualize it -- quickly for you and your colleagues and then more beautifully for publication.",Grand Ballroom West,False
A tour of IRE and NICAR (Make the most of your membership),2014-03-02,11:00:00 a.m.,2014-03-02,11:50 a.m.,False,"Don't let your IRE membership go to waste! Come to this informal session to see all the ways IRE and NICAR can help you. We'll discuss resources, training and special member benefits.",Stadium 4,False
Feel like you&#39;re hacking without really doing it,2014-03-02,11:00:00 a.m.,2014-03-02,11:50 a.m.,False,"Speakers: Samantha Sunne - We're going to hijack some tools for web developers (Firebug, JavaScript console, etc.) and use them for journalism. Trace the origin of a photograph, download a video, scrape a table, uncover personal information and more, all within a couple of minutes and without having to learn any code first.",Salon DEF,False
